baseline,data,individuo,n_dados_treinamento,dados_treinamento,dados_validacao,acc,loss,parametros
True,1643112460.9560826,103,2,"[8, 12]",[4],0.453125,1.292830467224121,"{'random_seed': 20220113, 'training_epochs': 50, 'max_subject': 109, 'batch_size': 16}"
True,1643112465.8826888,103,2,"[4, 12]",[8],0.5052083358168602,1.0629814118146896,"{'random_seed': 20220113, 'training_epochs': 50, 'max_subject': 109, 'batch_size': 16}"
True,1643112468.3459876,103,2,"[8, 4]",[12],0.5677083432674408,1.049987182021141,"{'random_seed': 20220113, 'training_epochs': 50, 'max_subject': 109, 'batch_size': 16}"
True,1643112474.4339128,91,2,"[8, 12]",[4],0.4895833432674408,0.976320430636406,"{'random_seed': 20220113, 'training_epochs': 50, 'max_subject': 109, 'batch_size': 16}"
True,1643112477.883976,91,2,"[4, 12]",[8],0.5625,1.0403171330690384,"{'random_seed': 20220113, 'training_epochs': 50, 'max_subject': 109, 'batch_size': 16}"
True,1643112480.454926,91,2,"[8, 4]",[12],0.5885416716337204,0.9865172654390335,"{'random_seed': 20220113, 'training_epochs': 50, 'max_subject': 109, 'batch_size': 16}"
True,1643112486.7778137,87,2,"[8, 12]",[4],0.4583333358168602,1.2387493252754211,"{'random_seed': 20220113, 'training_epochs': 50, 'max_subject': 109, 'batch_size': 16}"
True,1643112491.1435924,87,2,"[4, 12]",[8],0.328125,1.2670937478542328,"{'random_seed': 20220113, 'training_epochs': 50, 'max_subject': 109, 'batch_size': 16}"
True,1643112494.3486853,87,2,"[8, 4]",[12],0.3385416716337204,1.5247685015201569,"{'random_seed': 20220113, 'training_epochs': 50, 'max_subject': 109, 'batch_size': 16}"
True,1643112501.9924076,51,2,"[8, 12]",[4],0.7916666716337204,0.5788803771138191,"{'random_seed': 20220113, 'training_epochs': 50, 'max_subject': 109, 'batch_size': 16}"
True,1643112506.9231288,51,2,"[4, 12]",[8],0.8177083432674408,0.857125137001276,"{'random_seed': 20220113, 'training_epochs': 50, 'max_subject': 109, 'batch_size': 16}"
True,1643112512.327225,51,2,"[8, 4]",[12],0.796875,0.38406606763601303,"{'random_seed': 20220113, 'training_epochs': 50, 'max_subject': 109, 'batch_size': 16}"
True,1643112518.2407696,42,2,"[8, 12]",[4],0.5989583432674408,1.1093328148126602,"{'random_seed': 20220113, 'training_epochs': 50, 'max_subject': 109, 'batch_size': 16}"
True,1643112522.2321014,42,2,"[4, 12]",[8],0.5833333432674408,1.0164182931184769,"{'random_seed': 20220113, 'training_epochs': 50, 'max_subject': 109, 'batch_size': 16}"
True,1643112526.9275095,42,2,"[8, 4]",[12],0.5729166716337204,0.9057235866785049,"{'random_seed': 20220113, 'training_epochs': 50, 'max_subject': 109, 'batch_size': 16}"
True,1643112535.8961005,29,2,"[8, 12]",[4],0.5677083432674408,0.9451060593128204,"{'random_seed': 20220113, 'training_epochs': 50, 'max_subject': 109, 'batch_size': 16}"
True,1643112541.9864018,29,2,"[4, 12]",[8],0.7395833432674408,1.0611975491046906,"{'random_seed': 20220113, 'training_epochs': 50, 'max_subject': 109, 'batch_size': 16}"
True,1643112548.3371663,29,2,"[8, 4]",[12],0.7083333432674408,0.7179329544305801,"{'random_seed': 20220113, 'training_epochs': 50, 'max_subject': 109, 'batch_size': 16}"
True,1643112554.5071547,35,2,"[8, 12]",[4],0.4270833358168602,1.2114959359169006,"{'random_seed': 20220113, 'training_epochs': 50, 'max_subject': 109, 'batch_size': 16}"
True,1643112563.4900224,35,2,"[4, 12]",[8],0.5885416716337204,0.8927167654037476,"{'random_seed': 20220113, 'training_epochs': 50, 'max_subject': 109, 'batch_size': 16}"
True,1643112567.7984657,35,2,"[8, 4]",[12],0.4947916716337204,1.140694946050644,"{'random_seed': 20220113, 'training_epochs': 50, 'max_subject': 109, 'batch_size': 16}"
True,1643112574.7723348,12,2,"[8, 12]",[4],0.6145833432674408,0.8801783323287964,"{'random_seed': 20220113, 'training_epochs': 50, 'max_subject': 109, 'batch_size': 16}"
True,1643112577.964913,12,2,"[4, 12]",[8],0.5520833358168602,1.2166401892900467,"{'random_seed': 20220113, 'training_epochs': 50, 'max_subject': 109, 'batch_size': 16}"
True,1643112581.1111965,12,2,"[8, 4]",[12],0.4375,1.3577054738998413,"{'random_seed': 20220113, 'training_epochs': 50, 'max_subject': 109, 'batch_size': 16}"
True,1643112587.2368197,4,2,"[8, 12]",[4],0.7916666716337204,0.497512623667717,"{'random_seed': 20220113, 'training_epochs': 50, 'max_subject': 109, 'batch_size': 16}"
True,1643112591.5082235,4,2,"[4, 12]",[8],0.7760416716337204,0.6310593709349632,"{'random_seed': 20220113, 'training_epochs': 50, 'max_subject': 109, 'batch_size': 16}"
True,1643112596.2449048,4,2,"[8, 4]",[12],0.7864583432674408,0.49820542335510254,"{'random_seed': 20220113, 'training_epochs': 50, 'max_subject': 109, 'batch_size': 16}"
True,1643112604.317052,49,2,"[8, 12]",[4],0.5260416716337204,1.1441888213157654,"{'random_seed': 20220113, 'training_epochs': 50, 'max_subject': 109, 'batch_size': 16}"
True,1643112613.5811493,49,2,"[4, 12]",[8],0.625,0.9703575968742371,"{'random_seed': 20220113, 'training_epochs': 50, 'max_subject': 109, 'batch_size': 16}"
True,1643112617.0923111,49,2,"[8, 4]",[12],0.4635416716337204,1.1550886631011963,"{'random_seed': 20220113, 'training_epochs': 50, 'max_subject': 109, 'batch_size': 16}"
True,1643112623.8033187,6,2,"[8, 12]",[4],0.5,1.0402173399925232,"{'random_seed': 20220113, 'training_epochs': 50, 'max_subject': 109, 'batch_size': 16}"
True,1643112628.5781484,6,2,"[4, 12]",[8],0.5625,1.0005791038274765,"{'random_seed': 20220113, 'training_epochs': 50, 'max_subject': 109, 'batch_size': 16}"
True,1643112633.808444,6,2,"[8, 4]",[12],0.5364583432674408,1.0931571274995804,"{'random_seed': 20220113, 'training_epochs': 50, 'max_subject': 109, 'batch_size': 16}"
True,1643112641.1057725,1,2,"[8, 12]",[4],0.5729166716337204,1.0306949466466904,"{'random_seed': 20220113, 'training_epochs': 50, 'max_subject': 109, 'batch_size': 16}"
True,1643112644.1123319,1,2,"[4, 12]",[8],0.4166666716337204,1.2745613604784012,"{'random_seed': 20220113, 'training_epochs': 50, 'max_subject': 109, 'batch_size': 16}"
True,1643112648.387871,1,2,"[8, 4]",[12],0.5,1.260203704237938,"{'random_seed': 20220113, 'training_epochs': 50, 'max_subject': 109, 'batch_size': 16}"
True,1643112655.9412608,69,2,"[8, 12]",[4],0.4270833358168602,1.365174114704132,"{'random_seed': 20220113, 'training_epochs': 50, 'max_subject': 109, 'batch_size': 16}"
True,1643112659.041599,69,2,"[4, 12]",[8],0.4895833432674408,1.2638693451881409,"{'random_seed': 20220113, 'training_epochs': 50, 'max_subject': 109, 'batch_size': 16}"
True,1643112662.5141056,69,2,"[8, 4]",[12],0.3645833358168602,1.3046355843544006,"{'random_seed': 20220113, 'training_epochs': 50, 'max_subject': 109, 'batch_size': 16}"
True,1643112669.495806,56,2,"[8, 12]",[4],0.4947916716337204,1.1464087069034576,"{'random_seed': 20220113, 'training_epochs': 50, 'max_subject': 109, 'batch_size': 16}"
True,1643112673.4951105,56,2,"[4, 12]",[8],0.5364583432674408,1.0641700476408005,"{'random_seed': 20220113, 'training_epochs': 50, 'max_subject': 109, 'batch_size': 16}"
True,1643112676.9140217,56,2,"[8, 4]",[12],0.4947916716337204,1.058949738740921,"{'random_seed': 20220113, 'training_epochs': 50, 'max_subject': 109, 'batch_size': 16}"
True,1643112684.4614685,58,2,"[8, 12]",[4],0.5364583432674408,1.1047332882881165,"{'random_seed': 20220113, 'training_epochs': 50, 'max_subject': 109, 'batch_size': 16}"
True,1643112688.714681,58,2,"[4, 12]",[8],0.53125,1.0333473533391953,"{'random_seed': 20220113, 'training_epochs': 50, 'max_subject': 109, 'batch_size': 16}"
True,1643112692.4809997,58,2,"[8, 4]",[12],0.5833333432674408,1.0213932394981384,"{'random_seed': 20220113, 'training_epochs': 50, 'max_subject': 109, 'batch_size': 16}"
True,1643112699.484125,62,2,"[8, 12]",[4],0.4583333432674408,1.1424416303634644,"{'random_seed': 20220113, 'training_epochs': 50, 'max_subject': 109, 'batch_size': 16}"
True,1643112704.981163,62,2,"[4, 12]",[8],0.734375,0.709247276186943,"{'random_seed': 20220113, 'training_epochs': 50, 'max_subject': 109, 'batch_size': 16}"
True,1643112709.4406235,62,2,"[8, 4]",[12],0.5416666716337204,1.093369483947754,"{'random_seed': 20220113, 'training_epochs': 50, 'max_subject': 109, 'batch_size': 16}"
True,1643112716.307547,48,2,"[8, 12]",[4],0.609375,0.8498212248086929,"{'random_seed': 20220113, 'training_epochs': 50, 'max_subject': 109, 'batch_size': 16}"
True,1643112719.4576256,48,2,"[4, 12]",[8],0.5104166716337204,1.023354709148407,"{'random_seed': 20220113, 'training_epochs': 50, 'max_subject': 109, 'batch_size': 16}"
True,1643112725.2966328,48,2,"[8, 4]",[12],0.75,0.7415468469262123,"{'random_seed': 20220113, 'training_epochs': 50, 'max_subject': 109, 'batch_size': 16}"
True,1643112732.3583336,93,2,"[8, 12]",[4],0.5208333358168602,1.0169295817613602,"{'random_seed': 20220113, 'training_epochs': 50, 'max_subject': 109, 'batch_size': 16}"
True,1643112735.4940116,93,2,"[4, 12]",[8],0.375,1.2359708398580551,"{'random_seed': 20220113, 'training_epochs': 50, 'max_subject': 109, 'batch_size': 16}"
True,1643112739.073736,93,2,"[8, 4]",[12],0.4322916716337204,1.5142246186733246,"{'random_seed': 20220113, 'training_epochs': 50, 'max_subject': 109, 'batch_size': 16}"
True,1643112746.903995,16,2,"[8, 12]",[4],0.5729166716337204,1.0891182124614716,"{'random_seed': 20220113, 'training_epochs': 50, 'max_subject': 109, 'batch_size': 16}"
True,1643112750.4492373,16,2,"[4, 12]",[8],0.5416666716337204,0.9991883039474487,"{'random_seed': 20220113, 'training_epochs': 50, 'max_subject': 109, 'batch_size': 16}"
True,1643112755.041194,16,2,"[8, 4]",[12],0.609375,0.9454491883516312,"{'random_seed': 20220113, 'training_epochs': 50, 'max_subject': 109, 'batch_size': 16}"
True,1643112761.862929,28,2,"[8, 12]",[4],0.6041666716337204,1.1246844828128815,"{'random_seed': 20220113, 'training_epochs': 50, 'max_subject': 109, 'batch_size': 16}"
True,1643112767.3561082,28,2,"[4, 12]",[8],0.703125,0.962267093360424,"{'random_seed': 20220113, 'training_epochs': 50, 'max_subject': 109, 'batch_size': 16}"
True,1643112771.8853586,28,2,"[8, 4]",[12],0.5208333432674408,1.2877710312604904,"{'random_seed': 20220113, 'training_epochs': 50, 'max_subject': 109, 'batch_size': 16}"
True,1643112779.9329321,102,2,"[8, 12]",[4],0.7447916716337204,0.7692865133285522,"{'random_seed': 20220113, 'training_epochs': 50, 'max_subject': 109, 'batch_size': 16}"
True,1643112784.9148767,102,2,"[4, 12]",[8],0.765625,0.713707223534584,"{'random_seed': 20220113, 'training_epochs': 50, 'max_subject': 109, 'batch_size': 16}"
True,1643112790.0970373,102,2,"[8, 4]",[12],0.7708333432674408,0.616973515599966,"{'random_seed': 20220113, 'training_epochs': 50, 'max_subject': 109, 'batch_size': 16}"
True,1643112798.6855521,96,2,"[8, 12]",[4],0.59375,0.8763223066926003,"{'random_seed': 20220113, 'training_epochs': 50, 'max_subject': 109, 'batch_size': 16}"
True,1643112804.866489,96,2,"[4, 12]",[8],0.7447916716337204,0.68681276217103,"{'random_seed': 20220113, 'training_epochs': 50, 'max_subject': 109, 'batch_size': 16}"
True,1643112808.6277823,96,2,"[8, 4]",[12],0.578125,1.0027932524681091,"{'random_seed': 20220113, 'training_epochs': 50, 'max_subject': 109, 'batch_size': 16}"
True,1643112817.6313918,15,2,"[8, 12]",[4],0.9166666716337204,0.1689132871106267,"{'random_seed': 20220113, 'training_epochs': 50, 'max_subject': 109, 'batch_size': 16}"
True,1643112824.258586,15,2,"[4, 12]",[8],0.8645833432674408,0.2391027808189392,"{'random_seed': 20220113, 'training_epochs': 50, 'max_subject': 109, 'batch_size': 16}"
True,1643112831.6117425,15,2,"[8, 4]",[12],0.9375,0.13390641938894987,"{'random_seed': 20220113, 'training_epochs': 50, 'max_subject': 109, 'batch_size': 16}"
True,1643112838.386343,41,2,"[8, 12]",[4],0.4895833432674408,1.1121919304132462,"{'random_seed': 20220113, 'training_epochs': 50, 'max_subject': 109, 'batch_size': 16}"
True,1643112841.6674888,41,2,"[4, 12]",[8],0.6458333432674408,0.9157985895872116,"{'random_seed': 20220113, 'training_epochs': 50, 'max_subject': 109, 'batch_size': 16}"
True,1643112846.2137537,41,2,"[8, 4]",[12],0.6197916716337204,0.8929992765188217,"{'random_seed': 20220113, 'training_epochs': 50, 'max_subject': 109, 'batch_size': 16}"
True,1643112853.6255045,27,2,"[8, 12]",[4],0.5885416716337204,0.8757207095623016,"{'random_seed': 20220113, 'training_epochs': 50, 'max_subject': 109, 'batch_size': 16}"
True,1643112856.525283,27,2,"[4, 12]",[8],0.4635416716337204,1.2323734760284424,"{'random_seed': 20220113, 'training_epochs': 50, 'max_subject': 109, 'batch_size': 16}"
True,1643112861.0289054,27,2,"[8, 4]",[12],0.4583333432674408,1.242175504565239,"{'random_seed': 20220113, 'training_epochs': 50, 'max_subject': 109, 'batch_size': 16}"
True,1643112868.5777693,38,2,"[8, 12]",[4],0.4427083432674408,1.244949847459793,"{'random_seed': 20220113, 'training_epochs': 50, 'max_subject': 109, 'batch_size': 16}"
True,1643112872.730658,38,2,"[4, 12]",[8],0.515625,1.215550810098648,"{'random_seed': 20220113, 'training_epochs': 50, 'max_subject': 109, 'batch_size': 16}"
True,1643112876.0209694,38,2,"[8, 4]",[12],0.4010416716337204,1.2263524234294891,"{'random_seed': 20220113, 'training_epochs': 50, 'max_subject': 109, 'batch_size': 16}"
True,1643112884.1300585,108,2,"[8, 12]",[4],0.296875,1.6464646756649017,"{'random_seed': 20220113, 'training_epochs': 50, 'max_subject': 109, 'batch_size': 16}"
True,1643112887.958489,108,2,"[4, 12]",[8],0.5208333432674408,1.1059147268533707,"{'random_seed': 20220113, 'training_epochs': 50, 'max_subject': 109, 'batch_size': 16}"
True,1643112893.9644797,108,2,"[8, 4]",[12],0.453125,1.2719770520925522,"{'random_seed': 20220113, 'training_epochs': 50, 'max_subject': 109, 'batch_size': 16}"
True,1643112906.4476683,54,2,"[8, 12]",[4],0.7552083432674408,0.7965036705136299,"{'random_seed': 20220113, 'training_epochs': 50, 'max_subject': 109, 'batch_size': 16}"
True,1643112911.4248986,54,2,"[4, 12]",[8],0.5885416716337204,1.0097855031490326,"{'random_seed': 20220113, 'training_epochs': 50, 'max_subject': 109, 'batch_size': 16}"
True,1643112916.8747697,54,2,"[8, 4]",[12],0.5572916716337204,1.2503407448530197,"{'random_seed': 20220113, 'training_epochs': 50, 'max_subject': 109, 'batch_size': 16}"
True,1643112924.4253974,34,2,"[8, 12]",[4],0.4895833432674408,1.3110060691833496,"{'random_seed': 20220113, 'training_epochs': 50, 'max_subject': 109, 'batch_size': 16}"
True,1643112933.023392,34,2,"[4, 12]",[8],0.7916666716337204,0.45118485391139984,"{'random_seed': 20220113, 'training_epochs': 50, 'max_subject': 109, 'batch_size': 16}"
True,1643112936.1913888,34,2,"[8, 4]",[12],0.4895833432674408,1.120946243405342,"{'random_seed': 20220113, 'training_epochs': 50, 'max_subject': 109, 'batch_size': 16}"
True,1643112945.631563,79,2,"[8, 12]",[4],0.4479166716337204,1.1515942960977554,"{'random_seed': 20220113, 'training_epochs': 50, 'max_subject': 109, 'batch_size': 16}"
True,1643112949.4284468,79,2,"[4, 12]",[8],0.515625,1.1839618682861328,"{'random_seed': 20220113, 'training_epochs': 50, 'max_subject': 109, 'batch_size': 16}"
True,1643112954.1424458,79,2,"[8, 4]",[12],0.5572916716337204,1.1797629296779633,"{'random_seed': 20220113, 'training_epochs': 50, 'max_subject': 109, 'batch_size': 16}"
True,1643112963.8400984,7,2,"[8, 12]",[4],0.7708333432674408,0.4718914180994034,"{'random_seed': 20220113, 'training_epochs': 50, 'max_subject': 109, 'batch_size': 16}"
True,1643112971.4349213,7,2,"[4, 12]",[8],0.8489583432674408,0.32035553082823753,"{'random_seed': 20220113, 'training_epochs': 50, 'max_subject': 109, 'batch_size': 16}"
True,1643112974.4789615,7,2,"[8, 4]",[12],0.6822916716337204,0.7722289711236954,"{'random_seed': 20220113, 'training_epochs': 50, 'max_subject': 109, 'batch_size': 16}"
True,1643112981.6425657,82,2,"[8, 12]",[4],0.4947916716337204,1.0979926586151123,"{'random_seed': 20220113, 'training_epochs': 50, 'max_subject': 109, 'batch_size': 16}"
True,1643112985.7513146,82,2,"[4, 12]",[8],0.59375,1.1101675555109978,"{'random_seed': 20220113, 'training_epochs': 50, 'max_subject': 109, 'batch_size': 16}"
True,1643112988.9505274,82,2,"[8, 4]",[12],0.5625,1.0127720087766647,"{'random_seed': 20220113, 'training_epochs': 50, 'max_subject': 109, 'batch_size': 16}"
True,1643112996.588309,63,2,"[8, 12]",[4],0.59375,0.9194190949201584,"{'random_seed': 20220113, 'training_epochs': 50, 'max_subject': 109, 'batch_size': 16}"
True,1643113002.4157538,63,2,"[4, 12]",[8],0.6875,0.7294821292161942,"{'random_seed': 20220113, 'training_epochs': 50, 'max_subject': 109, 'batch_size': 16}"
True,1643113006.0965328,63,2,"[8, 4]",[12],0.6041666716337204,0.8866550773382187,"{'random_seed': 20220113, 'training_epochs': 50, 'max_subject': 109, 'batch_size': 16}"
True,1643113014.3185549,107,2,"[8, 12]",[4],0.5416666716337204,1.1279637515544891,"{'random_seed': 20220113, 'training_epochs': 50, 'max_subject': 109, 'batch_size': 16}"
True,1643113017.642227,107,2,"[4, 12]",[8],0.3802083358168602,1.6464655101299286,"{'random_seed': 20220113, 'training_epochs': 50, 'max_subject': 109, 'batch_size': 16}"
True,1643113020.4795184,107,2,"[8, 4]",[12],0.359375,1.422587662935257,"{'random_seed': 20220113, 'training_epochs': 50, 'max_subject': 109, 'batch_size': 16}"
True,1643113029.6192267,97,2,"[8, 12]",[4],0.6145833432674408,1.09217569231987,"{'random_seed': 20220113, 'training_epochs': 50, 'max_subject': 109, 'batch_size': 16}"
True,1643113034.571885,97,2,"[4, 12]",[8],0.5572916716337204,1.014448419213295,"{'random_seed': 20220113, 'training_epochs': 50, 'max_subject': 109, 'batch_size': 16}"
True,1643113038.621525,97,2,"[8, 4]",[12],0.65625,0.9679541289806366,"{'random_seed': 20220113, 'training_epochs': 50, 'max_subject': 109, 'batch_size': 16}"
True,1643113046.1937032,52,2,"[8, 12]",[4],0.6197916716337204,1.108207568526268,"{'random_seed': 20220113, 'training_epochs': 50, 'max_subject': 109, 'batch_size': 16}"
True,1643113049.6480231,52,2,"[4, 12]",[8],0.5260416716337204,1.0226832032203674,"{'random_seed': 20220113, 'training_epochs': 50, 'max_subject': 109, 'batch_size': 16}"
True,1643113054.485078,52,2,"[8, 4]",[12],0.734375,0.781611330807209,"{'random_seed': 20220113, 'training_epochs': 50, 'max_subject': 109, 'batch_size': 16}"
True,1643113061.6050005,25,2,"[8, 12]",[4],0.4322916716337204,2.0895635783672333,"{'random_seed': 20220113, 'training_epochs': 50, 'max_subject': 109, 'batch_size': 16}"
True,1643113064.7512558,25,2,"[4, 12]",[8],0.6458333432674408,0.7569860741496086,"{'random_seed': 20220113, 'training_epochs': 50, 'max_subject': 109, 'batch_size': 16}"
True,1643113067.9406338,25,2,"[8, 4]",[12],0.6354166716337204,0.7831069827079773,"{'random_seed': 20220113, 'training_epochs': 50, 'max_subject': 109, 'batch_size': 16}"
True,1643113076.4089122,60,2,"[8, 12]",[4],0.6354166716337204,0.8258697837591171,"{'random_seed': 20220113, 'training_epochs': 50, 'max_subject': 109, 'batch_size': 16}"
True,1643113081.170401,60,2,"[4, 12]",[8],0.7395833432674408,0.7830097451806068,"{'random_seed': 20220113, 'training_epochs': 50, 'max_subject': 109, 'batch_size': 16}"
True,1643113085.5616877,60,2,"[8, 4]",[12],0.609375,0.9877986311912537,"{'random_seed': 20220113, 'training_epochs': 50, 'max_subject': 109, 'batch_size': 16}"
True,1643113093.8161204,89,2,"[8, 12]",[4],0.421875,1.2644023299217224,"{'random_seed': 20220113, 'training_epochs': 50, 'max_subject': 109, 'batch_size': 16}"
True,1643113098.5090158,89,2,"[4, 12]",[8],0.59375,0.9178847968578339,"{'random_seed': 20220113, 'training_epochs': 50, 'max_subject': 109, 'batch_size': 16}"
True,1643113102.5419085,89,2,"[8, 4]",[12],0.6822916716337204,0.8385237529873848,"{'random_seed': 20220113, 'training_epochs': 50, 'max_subject': 109, 'batch_size': 16}"
True,1643113111.2113318,3,2,"[8, 12]",[4],0.578125,0.90564925968647,"{'random_seed': 20220113, 'training_epochs': 50, 'max_subject': 109, 'batch_size': 16}"
True,1643113114.934729,3,2,"[4, 12]",[8],0.5729166716337204,1.0484533160924911,"{'random_seed': 20220113, 'training_epochs': 50, 'max_subject': 109, 'batch_size': 16}"
True,1643113118.3840647,3,2,"[8, 4]",[12],0.4427083358168602,1.198600485920906,"{'random_seed': 20220113, 'training_epochs': 50, 'max_subject': 109, 'batch_size': 16}"
True,1643113127.190538,57,2,"[8, 12]",[4],0.6822916716337204,0.8046858124434948,"{'random_seed': 20220113, 'training_epochs': 50, 'max_subject': 109, 'batch_size': 16}"
True,1643113132.5265284,57,2,"[4, 12]",[8],0.7552083432674408,0.5748434066772461,"{'random_seed': 20220113, 'training_epochs': 50, 'max_subject': 109, 'batch_size': 16}"
True,1643113136.2759476,57,2,"[8, 4]",[12],0.640625,0.9249744713306427,"{'random_seed': 20220113, 'training_epochs': 50, 'max_subject': 109, 'batch_size': 16}"
True,1643113146.13848,70,2,"[8, 12]",[4],0.765625,0.6775729581713676,"{'random_seed': 20220113, 'training_epochs': 50, 'max_subject': 109, 'batch_size': 16}"
True,1643113148.9959993,70,2,"[4, 12]",[8],0.4114583432674408,1.0955357253551483,"{'random_seed': 20220113, 'training_epochs': 50, 'max_subject': 109, 'batch_size': 16}"
True,1643113154.2972248,70,2,"[8, 4]",[12],0.5833333432674408,1.0128735452890396,"{'random_seed': 20220113, 'training_epochs': 50, 'max_subject': 109, 'batch_size': 16}"
True,1643113161.971082,17,2,"[8, 12]",[4],0.46875,1.4216451942920685,"{'random_seed': 20220113, 'training_epochs': 50, 'max_subject': 109, 'batch_size': 16}"
True,1643113166.275797,17,2,"[4, 12]",[8],0.6666666716337204,0.7386828809976578,"{'random_seed': 20220113, 'training_epochs': 50, 'max_subject': 109, 'batch_size': 16}"
True,1643113169.8187687,17,2,"[8, 4]",[12],0.5833333432674408,1.0600550323724747,"{'random_seed': 20220113, 'training_epochs': 50, 'max_subject': 109, 'batch_size': 16}"
True,1643113177.0904174,99,2,"[8, 12]",[4],0.40625,1.2253584563732147,"{'random_seed': 20220113, 'training_epochs': 50, 'max_subject': 109, 'batch_size': 16}"
True,1643113182.2341852,99,2,"[4, 12]",[8],0.4739583432674408,1.054487869143486,"{'random_seed': 20220113, 'training_epochs': 50, 'max_subject': 109, 'batch_size': 16}"
True,1643113185.1309264,99,2,"[8, 4]",[12],0.421875,1.3204140365123749,"{'random_seed': 20220113, 'training_epochs': 50, 'max_subject': 109, 'batch_size': 16}"
True,1643113193.3600757,37,2,"[8, 12]",[4],0.5989583432674408,1.1071432083845139,"{'random_seed': 20220113, 'training_epochs': 50, 'max_subject': 109, 'batch_size': 16}"
True,1643113198.1351435,37,2,"[4, 12]",[8],0.5833333432674408,1.0997917503118515,"{'random_seed': 20220113, 'training_epochs': 50, 'max_subject': 109, 'batch_size': 16}"
True,1643113203.3979363,37,2,"[8, 4]",[12],0.625,0.9560370743274689,"{'random_seed': 20220113, 'training_epochs': 50, 'max_subject': 109, 'batch_size': 16}"
True,1643113211.318,59,2,"[8, 12]",[4],0.4583333358168602,1.173390880227089,"{'random_seed': 20220113, 'training_epochs': 50, 'max_subject': 109, 'batch_size': 16}"
True,1643113216.3849974,59,2,"[4, 12]",[8],0.4739583432674408,1.1568202525377274,"{'random_seed': 20220113, 'training_epochs': 50, 'max_subject': 109, 'batch_size': 16}"
True,1643113219.7785256,59,2,"[8, 4]",[12],0.3958333432674408,1.2456984370946884,"{'random_seed': 20220113, 'training_epochs': 50, 'max_subject': 109, 'batch_size': 16}"
True,1643113226.6754024,14,2,"[8, 12]",[4],0.4375,1.1297372728586197,"{'random_seed': 20220113, 'training_epochs': 50, 'max_subject': 109, 'batch_size': 16}"
True,1643113229.7974617,14,2,"[4, 12]",[8],0.4270833358168602,1.2754195034503937,"{'random_seed': 20220113, 'training_epochs': 50, 'max_subject': 109, 'batch_size': 16}"
True,1643113233.8394535,14,2,"[8, 4]",[12],0.4895833432674408,1.3024637401103973,"{'random_seed': 20220113, 'training_epochs': 50, 'max_subject': 109, 'batch_size': 16}"
True,1643113241.8597357,26,2,"[8, 12]",[4],0.6197916716337204,1.1108576655387878,"{'random_seed': 20220113, 'training_epochs': 50, 'max_subject': 109, 'batch_size': 16}"
True,1643113245.4479764,26,2,"[4, 12]",[8],0.4739583432674408,1.1835694164037704,"{'random_seed': 20220113, 'training_epochs': 50, 'max_subject': 109, 'batch_size': 16}"
True,1643113249.5773141,26,2,"[8, 4]",[12],0.5260416716337204,1.118251085281372,"{'random_seed': 20220113, 'training_epochs': 50, 'max_subject': 109, 'batch_size': 16}"
True,1643113258.1212618,50,2,"[8, 12]",[4],0.7760416716337204,0.6704429611563683,"{'random_seed': 20220113, 'training_epochs': 50, 'max_subject': 109, 'batch_size': 16}"
True,1643113261.5950868,50,2,"[4, 12]",[8],0.6614583432674408,0.7709397375583649,"{'random_seed': 20220113, 'training_epochs': 50, 'max_subject': 109, 'batch_size': 16}"
True,1643113265.8405972,50,2,"[8, 4]",[12],0.8333333432674408,0.5078535154461861,"{'random_seed': 20220113, 'training_epochs': 50, 'max_subject': 109, 'batch_size': 16}"
True,1643113275.3532321,2,2,"[8, 12]",[4],0.5833333432674408,1.0013933032751083,"{'random_seed': 20220113, 'training_epochs': 50, 'max_subject': 109, 'batch_size': 16}"
True,1643113280.545043,2,2,"[4, 12]",[8],0.5625,0.8532283455133438,"{'random_seed': 20220113, 'training_epochs': 50, 'max_subject': 109, 'batch_size': 16}"
True,1643113285.7448444,2,2,"[8, 4]",[12],0.5572916716337204,0.8858973383903503,"{'random_seed': 20220113, 'training_epochs': 50, 'max_subject': 109, 'batch_size': 16}"
True,1643113297.449124,90,2,"[8, 12]",[4],0.703125,0.7919004112482071,"{'random_seed': 20220113, 'training_epochs': 50, 'max_subject': 109, 'batch_size': 16}"
True,1643113301.0951595,90,2,"[4, 12]",[8],0.5833333432674408,0.9842225015163422,"{'random_seed': 20220113, 'training_epochs': 50, 'max_subject': 109, 'batch_size': 16}"
True,1643113303.994231,90,2,"[8, 4]",[12],0.6302083432674408,1.1093611866235733,"{'random_seed': 20220113, 'training_epochs': 50, 'max_subject': 109, 'batch_size': 16}"
True,1643113311.6979837,80,2,"[8, 12]",[4],0.5885416716337204,0.9809092730283737,"{'random_seed': 20220113, 'training_epochs': 50, 'max_subject': 109, 'batch_size': 16}"
True,1643113316.364509,80,2,"[4, 12]",[8],0.6302083432674408,0.9491680711507797,"{'random_seed': 20220113, 'training_epochs': 50, 'max_subject': 109, 'batch_size': 16}"
True,1643113320.7270126,80,2,"[8, 4]",[12],0.6145833432674408,0.9534367322921753,"{'random_seed': 20220113, 'training_epochs': 50, 'max_subject': 109, 'batch_size': 16}"
True,1643113331.6293442,55,2,"[8, 12]",[4],0.7760416716337204,0.4212639220058918,"{'random_seed': 20220113, 'training_epochs': 50, 'max_subject': 109, 'batch_size': 16}"
True,1643113337.612312,55,2,"[4, 12]",[8],0.6875,0.7580438852310181,"{'random_seed': 20220113, 'training_epochs': 50, 'max_subject': 109, 'batch_size': 16}"
True,1643113342.1243873,55,2,"[8, 4]",[12],0.7135416716337204,0.7801001518964767,"{'random_seed': 20220113, 'training_epochs': 50, 'max_subject': 109, 'batch_size': 16}"
True,1643113349.9728346,22,2,"[8, 12]",[4],0.7291666716337204,0.7942642420530319,"{'random_seed': 20220113, 'training_epochs': 50, 'max_subject': 109, 'batch_size': 16}"
True,1643113354.5046928,22,2,"[4, 12]",[8],0.640625,0.8303194642066956,"{'random_seed': 20220113, 'training_epochs': 50, 'max_subject': 109, 'batch_size': 16}"
True,1643113357.838929,22,2,"[8, 4]",[12],0.6041666716337204,0.9411562234163284,"{'random_seed': 20220113, 'training_epochs': 50, 'max_subject': 109, 'batch_size': 16}"
True,1643113367.3839383,47,2,"[8, 12]",[4],0.6302083432674408,1.0296474918723106,"{'random_seed': 20220113, 'training_epochs': 50, 'max_subject': 109, 'batch_size': 16}"
True,1643113370.9288018,47,2,"[4, 12]",[8],0.515625,1.31965172290802,"{'random_seed': 20220113, 'training_epochs': 50, 'max_subject': 109, 'batch_size': 16}"
True,1643113374.0865874,47,2,"[8, 4]",[12],0.5260416716337204,1.208242505788803,"{'random_seed': 20220113, 'training_epochs': 50, 'max_subject': 109, 'batch_size': 16}"
True,1643113383.6061826,101,2,"[8, 12]",[4],0.7239583432674408,0.9074781984090805,"{'random_seed': 20220113, 'training_epochs': 50, 'max_subject': 109, 'batch_size': 16}"
True,1643113387.702721,101,2,"[4, 12]",[8],0.7135416716337204,0.6311858594417572,"{'random_seed': 20220113, 'training_epochs': 50, 'max_subject': 109, 'batch_size': 16}"
True,1643113392.1110735,101,2,"[8, 4]",[12],0.8020833432674408,0.7269520312547684,"{'random_seed': 20220113, 'training_epochs': 50, 'max_subject': 109, 'batch_size': 16}"
True,1643113400.5339828,31,2,"[8, 12]",[4],0.40625,1.2804184556007385,"{'random_seed': 20220113, 'training_epochs': 50, 'max_subject': 109, 'batch_size': 16}"
True,1643113407.291905,31,2,"[4, 12]",[8],0.6145833432674408,1.011275663971901,"{'random_seed': 20220113, 'training_epochs': 50, 'max_subject': 109, 'batch_size': 16}"
True,1643113410.582416,31,2,"[8, 4]",[12],0.4114583358168602,1.227002039551735,"{'random_seed': 20220113, 'training_epochs': 50, 'max_subject': 109, 'batch_size': 16}"
True,1643113418.288638,85,2,"[8, 12]",[4],0.5052083358168602,1.0455122292041779,"{'random_seed': 20220113, 'training_epochs': 50, 'max_subject': 109, 'batch_size': 16}"
True,1643113421.5145726,85,2,"[4, 12]",[8],0.4791666716337204,1.0530008375644684,"{'random_seed': 20220113, 'training_epochs': 50, 'max_subject': 109, 'batch_size': 16}"
True,1643113425.5093114,85,2,"[8, 4]",[12],0.4895833432674408,1.1109557300806046,"{'random_seed': 20220113, 'training_epochs': 50, 'max_subject': 109, 'batch_size': 16}"
True,1643113434.491379,24,2,"[8, 12]",[4],0.53125,1.249028205871582,"{'random_seed': 20220113, 'training_epochs': 50, 'max_subject': 109, 'batch_size': 16}"
True,1643113438.4150195,24,2,"[4, 12]",[8],0.5052083432674408,1.1256598234176636,"{'random_seed': 20220113, 'training_epochs': 50, 'max_subject': 109, 'batch_size': 16}"
True,1643113441.435024,24,2,"[8, 4]",[12],0.46875,1.2289271354675293,"{'random_seed': 20220113, 'training_epochs': 50, 'max_subject': 109, 'batch_size': 16}"
True,1643113449.061579,67,2,"[8, 12]",[4],0.2916666679084301,1.5706208944320679,"{'random_seed': 20220113, 'training_epochs': 50, 'max_subject': 109, 'batch_size': 16}"
True,1643113452.279696,67,2,"[4, 12]",[8],0.4583333432674408,1.0469909459352493,"{'random_seed': 20220113, 'training_epochs': 50, 'max_subject': 109, 'batch_size': 16}"
True,1643113455.8773406,67,2,"[8, 4]",[12],0.453125,1.132270261645317,"{'random_seed': 20220113, 'training_epochs': 50, 'max_subject': 109, 'batch_size': 16}"
True,1643113463.9251277,78,2,"[8, 12]",[4],0.4479166716337204,1.0249082893133163,"{'random_seed': 20220113, 'training_epochs': 50, 'max_subject': 109, 'batch_size': 16}"
True,1643113468.0990267,78,2,"[4, 12]",[8],0.515625,0.9966760873794556,"{'random_seed': 20220113, 'training_epochs': 50, 'max_subject': 109, 'batch_size': 16}"
True,1643113471.696084,78,2,"[8, 4]",[12],0.5260416716337204,1.0149384438991547,"{'random_seed': 20220113, 'training_epochs': 50, 'max_subject': 109, 'batch_size': 16}"
True,1643113479.2643948,64,2,"[8, 12]",[4],0.4791666716337204,1.3780913054943085,"{'random_seed': 20220113, 'training_epochs': 50, 'max_subject': 109, 'batch_size': 16}"
True,1643113483.468771,64,2,"[4, 12]",[8],0.640625,0.8104772716760635,"{'random_seed': 20220113, 'training_epochs': 50, 'max_subject': 109, 'batch_size': 16}"
True,1643113486.9533138,64,2,"[8, 4]",[12],0.515625,0.9900867342948914,"{'random_seed': 20220113, 'training_epochs': 50, 'max_subject': 109, 'batch_size': 16}"
True,1643113494.810288,36,2,"[8, 12]",[4],0.5885416716337204,0.9701057225465775,"{'random_seed': 20220113, 'training_epochs': 50, 'max_subject': 109, 'batch_size': 16}"
True,1643113504.915835,36,2,"[4, 12]",[8],0.890625,0.31569636426866055,"{'random_seed': 20220113, 'training_epochs': 50, 'max_subject': 109, 'batch_size': 16}"
True,1643113507.812289,36,2,"[8, 4]",[12],0.5260416716337204,0.8165182173252106,"{'random_seed': 20220113, 'training_epochs': 50, 'max_subject': 109, 'batch_size': 16}"
True,1643113518.3168652,94,2,"[8, 12]",[4],0.6822916716337204,0.7747418433427811,"{'random_seed': 20220113, 'training_epochs': 50, 'max_subject': 109, 'batch_size': 16}"
True,1643113521.9819763,94,2,"[4, 12]",[8],0.59375,1.0638203471899033,"{'random_seed': 20220113, 'training_epochs': 50, 'max_subject': 109, 'batch_size': 16}"
True,1643113525.4122047,94,2,"[8, 4]",[12],0.5520833432674408,0.9454805701971054,"{'random_seed': 20220113, 'training_epochs': 50, 'max_subject': 109, 'batch_size': 16}"
True,1643113533.9489353,109,2,"[8, 12]",[4],0.4635416716337204,1.3867565393447876,"{'random_seed': 20220113, 'training_epochs': 50, 'max_subject': 109, 'batch_size': 16}"
True,1643113537.1118715,109,2,"[4, 12]",[8],0.4479166716337204,1.1199269592761993,"{'random_seed': 20220113, 'training_epochs': 50, 'max_subject': 109, 'batch_size': 16}"
True,1643113540.6130035,109,2,"[8, 4]",[12],0.5625,1.1106936782598495,"{'random_seed': 20220113, 'training_epochs': 50, 'max_subject': 109, 'batch_size': 16}"
True,1643113549.4853234,53,2,"[8, 12]",[4],0.5,1.0136201977729797,"{'random_seed': 20220113, 'training_epochs': 50, 'max_subject': 109, 'batch_size': 16}"
True,1643113554.3027105,53,2,"[4, 12]",[8],0.5833333358168602,0.9998542070388794,"{'random_seed': 20220113, 'training_epochs': 50, 'max_subject': 109, 'batch_size': 16}"
True,1643113557.8403542,53,2,"[8, 4]",[12],0.5104166716337204,1.2483658194541931,"{'random_seed': 20220113, 'training_epochs': 50, 'max_subject': 109, 'batch_size': 16}"
True,1643113566.0847373,8,2,"[8, 12]",[4],0.6145833432674408,1.1584583148360252,"{'random_seed': 20220113, 'training_epochs': 50, 'max_subject': 109, 'batch_size': 16}"
True,1643113569.7501047,8,2,"[4, 12]",[8],0.5572916716337204,1.3693293929100037,"{'random_seed': 20220113, 'training_epochs': 50, 'max_subject': 109, 'batch_size': 16}"
True,1643113574.4136155,8,2,"[8, 4]",[12],0.78125,0.4360371381044388,"{'random_seed': 20220113, 'training_epochs': 50, 'max_subject': 109, 'batch_size': 16}"
True,1643113582.2305524,39,2,"[8, 12]",[4],0.4635416716337204,1.1257832646369934,"{'random_seed': 20220113, 'training_epochs': 50, 'max_subject': 109, 'batch_size': 16}"
True,1643113585.6973796,39,2,"[4, 12]",[8],0.5625,1.120622768998146,"{'random_seed': 20220113, 'training_epochs': 50, 'max_subject': 109, 'batch_size': 16}"
True,1643113589.7520633,39,2,"[8, 4]",[12],0.4427083432674408,1.2749047428369522,"{'random_seed': 20220113, 'training_epochs': 50, 'max_subject': 109, 'batch_size': 16}"
True,1643113598.6765187,23,2,"[8, 12]",[4],0.5,0.9861167669296265,"{'random_seed': 20220113, 'training_epochs': 50, 'max_subject': 109, 'batch_size': 16}"
True,1643113601.7466195,23,2,"[4, 12]",[8],0.46875,1.2538027167320251,"{'random_seed': 20220113, 'training_epochs': 50, 'max_subject': 109, 'batch_size': 16}"
True,1643113607.6398492,23,2,"[8, 4]",[12],0.3958333358168602,1.4353528320789337,"{'random_seed': 20220113, 'training_epochs': 50, 'max_subject': 109, 'batch_size': 16}"
True,1643113615.5887625,65,2,"[8, 12]",[4],0.6510416716337204,0.8837114423513412,"{'random_seed': 20220113, 'training_epochs': 50, 'max_subject': 109, 'batch_size': 16}"
True,1643113619.8831825,65,2,"[4, 12]",[8],0.5364583432674408,0.9304225742816925,"{'random_seed': 20220113, 'training_epochs': 50, 'max_subject': 109, 'batch_size': 16}"
True,1643113624.0404685,65,2,"[8, 4]",[12],0.640625,1.0160010531544685,"{'random_seed': 20220113, 'training_epochs': 50, 'max_subject': 109, 'batch_size': 16}"
True,1643113631.7773964,45,2,"[8, 12]",[4],0.4739583432674408,1.1067764163017273,"{'random_seed': 20220113, 'training_epochs': 50, 'max_subject': 109, 'batch_size': 16}"
True,1643113637.978393,45,2,"[4, 12]",[8],0.609375,1.0039047002792358,"{'random_seed': 20220113, 'training_epochs': 50, 'max_subject': 109, 'batch_size': 16}"
True,1643113641.2323613,45,2,"[8, 4]",[12],0.546875,1.041531428694725,"{'random_seed': 20220113, 'training_epochs': 50, 'max_subject': 109, 'batch_size': 16}"
True,1643113650.4180186,66,2,"[8, 12]",[4],0.4583333432674408,1.229028806090355,"{'random_seed': 20220113, 'training_epochs': 50, 'max_subject': 109, 'batch_size': 16}"
True,1643113653.6106148,66,2,"[4, 12]",[8],0.578125,1.029428705573082,"{'random_seed': 20220113, 'training_epochs': 50, 'max_subject': 109, 'batch_size': 16}"
True,1643113656.770369,66,2,"[8, 4]",[12],0.4947916716337204,1.1974002569913864,"{'random_seed': 20220113, 'training_epochs': 50, 'max_subject': 109, 'batch_size': 16}"
True,1643113664.82884,44,2,"[8, 12]",[4],0.5260416716337204,1.0814802795648575,"{'random_seed': 20220113, 'training_epochs': 50, 'max_subject': 109, 'batch_size': 16}"
True,1643113670.250051,44,2,"[4, 12]",[8],0.6666666716337204,0.9992873147130013,"{'random_seed': 20220113, 'training_epochs': 50, 'max_subject': 109, 'batch_size': 16}"
True,1643113674.5684726,44,2,"[8, 4]",[12],0.5260416716337204,1.0642910152673721,"{'random_seed': 20220113, 'training_epochs': 50, 'max_subject': 109, 'batch_size': 16}"
True,1643113683.3962357,106,2,"[8, 12]",[4],0.4739583432674408,1.1818900555372238,"{'random_seed': 20220113, 'training_epochs': 50, 'max_subject': 109, 'batch_size': 16}"
True,1643113686.739365,106,2,"[4, 12]",[8],0.5260416716337204,1.3084782660007477,"{'random_seed': 20220113, 'training_epochs': 50, 'max_subject': 109, 'batch_size': 16}"
True,1643113689.8886979,106,2,"[8, 4]",[12],0.4895833358168602,1.2055575102567673,"{'random_seed': 20220113, 'training_epochs': 50, 'max_subject': 109, 'batch_size': 16}"
True,1643113698.297923,100,2,"[8, 12]",[4],0.3958333333333333,1.0717714031537373,"{'random_seed': 20220113, 'training_epochs': 50, 'max_subject': 109, 'batch_size': 16}"
True,1643113701.1552656,100,2,"[4, 12]",[8],0.3541666666666667,1.295302152633667,"{'random_seed': 20220113, 'training_epochs': 50, 'max_subject': 109, 'batch_size': 16}"
True,1643113704.421981,100,2,"[8, 4]",[12],0.625,0.8396297693252563,"{'random_seed': 20220113, 'training_epochs': 50, 'max_subject': 109, 'batch_size': 16}"
True,1643113712.150563,104,2,"[8, 12]",[4],0.59375,0.974778451025486,"{'random_seed': 20220113, 'training_epochs': 50, 'max_subject': 109, 'batch_size': 16}"
True,1643113716.6573076,104,2,"[4, 12]",[8],0.828125,0.47039810568094254,"{'random_seed': 20220113, 'training_epochs': 50, 'max_subject': 109, 'batch_size': 16}"
True,1643113720.680928,104,2,"[8, 4]",[12],0.7916666716337204,0.5044293105602264,"{'random_seed': 20220113, 'training_epochs': 50, 'max_subject': 109, 'batch_size': 16}"
True,1643113729.4309213,83,2,"[8, 12]",[4],0.6822916716337204,0.743382915854454,"{'random_seed': 20220113, 'training_epochs': 50, 'max_subject': 109, 'batch_size': 16}"
True,1643113732.9435067,83,2,"[4, 12]",[8],0.5416666716337204,0.9099978059530258,"{'random_seed': 20220113, 'training_epochs': 50, 'max_subject': 109, 'batch_size': 16}"
True,1643113736.70616,83,2,"[8, 4]",[12],0.609375,1.04553634673357,"{'random_seed': 20220113, 'training_epochs': 50, 'max_subject': 109, 'batch_size': 16}"
True,1643113745.674211,30,2,"[8, 12]",[4],0.6302083432674408,1.0623989254236221,"{'random_seed': 20220113, 'training_epochs': 50, 'max_subject': 109, 'batch_size': 16}"
True,1643113750.0086815,30,2,"[4, 12]",[8],0.625,0.9314270615577698,"{'random_seed': 20220113, 'training_epochs': 50, 'max_subject': 109, 'batch_size': 16}"
True,1643113758.025507,30,2,"[8, 4]",[12],0.640625,0.9198999255895615,"{'random_seed': 20220113, 'training_epochs': 50, 'max_subject': 109, 'batch_size': 16}"
True,1643113768.8947272,19,2,"[8, 12]",[4],0.671875,0.8093208149075508,"{'random_seed': 20220113, 'training_epochs': 50, 'max_subject': 109, 'batch_size': 16}"
True,1643113772.5713673,19,2,"[4, 12]",[8],0.5572916716337204,1.0378113687038422,"{'random_seed': 20220113, 'training_epochs': 50, 'max_subject': 109, 'batch_size': 16}"
True,1643113777.1527205,19,2,"[8, 4]",[12],0.59375,0.8309789150953293,"{'random_seed': 20220113, 'training_epochs': 50, 'max_subject': 109, 'batch_size': 16}"
True,1643113785.3572583,77,2,"[8, 12]",[4],0.578125,1.0733468234539032,"{'random_seed': 20220113, 'training_epochs': 50, 'max_subject': 109, 'batch_size': 16}"
True,1643113788.2289824,77,2,"[4, 12]",[8],0.34895833395421505,1.5377999246120453,"{'random_seed': 20220113, 'training_epochs': 50, 'max_subject': 109, 'batch_size': 16}"
True,1643113791.3195846,77,2,"[8, 4]",[12],0.5520833358168602,1.16085547208786,"{'random_seed': 20220113, 'training_epochs': 50, 'max_subject': 109, 'batch_size': 16}"
True,1643113799.093867,84,2,"[8, 12]",[4],0.484375,1.1172417104244232,"{'random_seed': 20220113, 'training_epochs': 50, 'max_subject': 109, 'batch_size': 16}"
True,1643113803.3068998,84,2,"[4, 12]",[8],0.578125,0.994187667965889,"{'random_seed': 20220113, 'training_epochs': 50, 'max_subject': 109, 'batch_size': 16}"
True,1643113807.1693285,84,2,"[8, 4]",[12],0.6041666716337204,0.9926069974899292,"{'random_seed': 20220113, 'training_epochs': 50, 'max_subject': 109, 'batch_size': 16}"
True,1643113814.7062361,5,2,"[8, 12]",[4],0.4947916716337204,1.1501190066337585,"{'random_seed': 20220113, 'training_epochs': 50, 'max_subject': 109, 'batch_size': 16}"
True,1643113818.0735729,5,2,"[4, 12]",[8],0.609375,1.0377609580755234,"{'random_seed': 20220113, 'training_epochs': 50, 'max_subject': 109, 'batch_size': 16}"
True,1643113821.085405,5,2,"[8, 4]",[12],0.3802083358168602,1.2390466630458832,"{'random_seed': 20220113, 'training_epochs': 50, 'max_subject': 109, 'batch_size': 16}"
True,1643113828.8255777,73,2,"[8, 12]",[4],0.4322916716337204,1.3838160336017609,"{'random_seed': 20220113, 'training_epochs': 50, 'max_subject': 109, 'batch_size': 16}"
True,1643113832.0814142,73,2,"[4, 12]",[8],0.5052083432674408,1.2790654003620148,"{'random_seed': 20220113, 'training_epochs': 50, 'max_subject': 109, 'batch_size': 16}"
True,1643113836.9528239,73,2,"[8, 4]",[12],0.6302083432674408,0.8669263124465942,"{'random_seed': 20220113, 'training_epochs': 50, 'max_subject': 109, 'batch_size': 16}"
True,1643113845.543185,95,2,"[8, 12]",[4],0.4375,1.2451087832450867,"{'random_seed': 20220113, 'training_epochs': 50, 'max_subject': 109, 'batch_size': 16}"
True,1643113848.8703713,95,2,"[4, 12]",[8],0.4375,1.3386496603488922,"{'random_seed': 20220113, 'training_epochs': 50, 'max_subject': 109, 'batch_size': 16}"
True,1643113852.2902522,95,2,"[8, 4]",[12],0.4427083432674408,1.006038412451744,"{'random_seed': 20220113, 'training_epochs': 50, 'max_subject': 109, 'batch_size': 16}"
True,1643113860.4003744,86,2,"[8, 12]",[4],0.5520833432674408,0.9729324877262115,"{'random_seed': 20220113, 'training_epochs': 50, 'max_subject': 109, 'batch_size': 16}"
True,1643113863.1917133,86,2,"[4, 12]",[8],0.5677083432674408,1.24627123773098,"{'random_seed': 20220113, 'training_epochs': 50, 'max_subject': 109, 'batch_size': 16}"
True,1643113866.985918,86,2,"[8, 4]",[12],0.5520833432674408,1.0386013090610504,"{'random_seed': 20220113, 'training_epochs': 50, 'max_subject': 109, 'batch_size': 16}"
True,1643113877.5175507,81,2,"[8, 12]",[4],0.546875,0.9938507229089737,"{'random_seed': 20220113, 'training_epochs': 50, 'max_subject': 109, 'batch_size': 16}"
True,1643113881.138479,81,2,"[4, 12]",[8],0.4375,1.3590965270996094,"{'random_seed': 20220113, 'training_epochs': 50, 'max_subject': 109, 'batch_size': 16}"
True,1643113889.2424953,81,2,"[8, 4]",[12],0.703125,0.6414555907249451,"{'random_seed': 20220113, 'training_epochs': 50, 'max_subject': 109, 'batch_size': 16}"
True,1643113897.1819282,75,2,"[8, 12]",[4],0.4322916716337204,1.193080335855484,"{'random_seed': 20220113, 'training_epochs': 50, 'max_subject': 109, 'batch_size': 16}"
True,1643113900.567368,75,2,"[4, 12]",[8],0.5416666716337204,1.1467845439910889,"{'random_seed': 20220113, 'training_epochs': 50, 'max_subject': 109, 'batch_size': 16}"
True,1643113904.8548887,75,2,"[8, 4]",[12],0.4791666716337204,1.261916533112526,"{'random_seed': 20220113, 'training_epochs': 50, 'max_subject': 109, 'batch_size': 16}"
True,1643113913.338309,40,2,"[8, 12]",[4],0.6666666716337204,0.9040440618991852,"{'random_seed': 20220113, 'training_epochs': 50, 'max_subject': 109, 'batch_size': 16}"
True,1643113917.1266017,40,2,"[4, 12]",[8],0.5520833432674408,1.0601236522197723,"{'random_seed': 20220113, 'training_epochs': 50, 'max_subject': 109, 'batch_size': 16}"
True,1643113920.169361,40,2,"[8, 4]",[12],0.5260416716337204,1.0782054513692856,"{'random_seed': 20220113, 'training_epochs': 50, 'max_subject': 109, 'batch_size': 16}"
True,1643113927.65379,9,2,"[8, 12]",[4],0.5,1.18623386323452,"{'random_seed': 20220113, 'training_epochs': 50, 'max_subject': 109, 'batch_size': 16}"
True,1643113932.0482063,9,2,"[4, 12]",[8],0.625,0.9966998398303986,"{'random_seed': 20220113, 'training_epochs': 50, 'max_subject': 109, 'batch_size': 16}"
True,1643113934.970111,9,2,"[8, 4]",[12],0.4270833358168602,1.2239875495433807,"{'random_seed': 20220113, 'training_epochs': 50, 'max_subject': 109, 'batch_size': 16}"
True,1643113943.5061493,33,2,"[8, 12]",[4],0.4583333432674408,1.1596424877643585,"{'random_seed': 20220113, 'training_epochs': 50, 'max_subject': 109, 'batch_size': 16}"
True,1643113946.5793617,33,2,"[4, 12]",[8],0.4427083358168602,1.158660888671875,"{'random_seed': 20220113, 'training_epochs': 50, 'max_subject': 109, 'batch_size': 16}"
True,1643113951.4570434,33,2,"[8, 4]",[12],0.5260416716337204,1.1596265137195587,"{'random_seed': 20220113, 'training_epochs': 50, 'max_subject': 109, 'batch_size': 16}"
True,1643113959.8298414,46,2,"[8, 12]",[4],0.7291666716337204,0.6532659903168678,"{'random_seed': 20220113, 'training_epochs': 50, 'max_subject': 109, 'batch_size': 16}"
True,1643113963.322017,46,2,"[4, 12]",[8],0.6458333432674408,0.6238753795623779,"{'random_seed': 20220113, 'training_epochs': 50, 'max_subject': 109, 'batch_size': 16}"
True,1643113967.1698093,46,2,"[8, 4]",[12],0.75,0.6436958163976669,"{'random_seed': 20220113, 'training_epochs': 50, 'max_subject': 109, 'batch_size': 16}"
True,1643113974.688774,71,2,"[8, 12]",[4],0.4583333358168602,1.3586219996213913,"{'random_seed': 20220113, 'training_epochs': 50, 'max_subject': 109, 'batch_size': 16}"
True,1643113979.8773403,71,2,"[4, 12]",[8],0.7552083432674408,0.5667161121964455,"{'random_seed': 20220113, 'training_epochs': 50, 'max_subject': 109, 'batch_size': 16}"
True,1643113983.0171466,71,2,"[8, 4]",[12],0.6302083432674408,1.0725497007369995,"{'random_seed': 20220113, 'training_epochs': 50, 'max_subject': 109, 'batch_size': 16}"
True,1643113991.1083834,68,2,"[8, 12]",[4],0.625,0.8211478292942047,"{'random_seed': 20220113, 'training_epochs': 50, 'max_subject': 109, 'batch_size': 16}"
True,1643113994.8750904,68,2,"[4, 12]",[8],0.6041666716337204,0.9643378704786301,"{'random_seed': 20220113, 'training_epochs': 50, 'max_subject': 109, 'batch_size': 16}"
True,1643113998.262006,68,2,"[8, 4]",[12],0.53125,1.5260346233844757,"{'random_seed': 20220113, 'training_epochs': 50, 'max_subject': 109, 'batch_size': 16}"
True,1643114006.701102,43,2,"[8, 12]",[4],0.4166666716337204,1.1775663793087006,"{'random_seed': 20220113, 'training_epochs': 50, 'max_subject': 109, 'batch_size': 16}"
True,1643114009.9513927,43,2,"[4, 12]",[8],0.375,1.5649648904800415,"{'random_seed': 20220113, 'training_epochs': 50, 'max_subject': 109, 'batch_size': 16}"
True,1643114013.5474813,43,2,"[8, 4]",[12],0.4739583358168602,1.358695149421692,"{'random_seed': 20220113, 'training_epochs': 50, 'max_subject': 109, 'batch_size': 16}"
True,1643114024.7503035,18,2,"[8, 12]",[4],0.8385416716337204,0.406427213922143,"{'random_seed': 20220113, 'training_epochs': 50, 'max_subject': 109, 'batch_size': 16}"
True,1643114032.5755024,18,2,"[4, 12]",[8],0.8697916716337204,0.3857992812991142,"{'random_seed': 20220113, 'training_epochs': 50, 'max_subject': 109, 'batch_size': 16}"
True,1643114038.5352356,18,2,"[8, 4]",[12],0.8385416716337204,0.4377421960234642,"{'random_seed': 20220113, 'training_epochs': 50, 'max_subject': 109, 'batch_size': 16}"
True,1643114049.3990452,10,2,"[8, 12]",[4],0.4583333358168602,1.1612649857997894,"{'random_seed': 20220113, 'training_epochs': 50, 'max_subject': 109, 'batch_size': 16}"
True,1643114052.7403553,10,2,"[4, 12]",[8],0.4114583432674408,1.2886600941419601,"{'random_seed': 20220113, 'training_epochs': 50, 'max_subject': 109, 'batch_size': 16}"
True,1643114056.101006,10,2,"[8, 4]",[12],0.4947916716337204,1.0842023193836212,"{'random_seed': 20220113, 'training_epochs': 50, 'max_subject': 109, 'batch_size': 16}"
True,1643114066.0324857,61,2,"[8, 12]",[4],0.5208333432674408,1.001639574766159,"{'random_seed': 20220113, 'training_epochs': 50, 'max_subject': 109, 'batch_size': 16}"
True,1643114073.1179788,61,2,"[4, 12]",[8],0.6302083432674408,0.8433829993009567,"{'random_seed': 20220113, 'training_epochs': 50, 'max_subject': 109, 'batch_size': 16}"
True,1643114077.0142093,61,2,"[8, 4]",[12],0.53125,1.2047252655029297,"{'random_seed': 20220113, 'training_epochs': 50, 'max_subject': 109, 'batch_size': 16}"
True,1643114087.5800273,13,2,"[8, 12]",[4],0.640625,0.8445199579000473,"{'random_seed': 20220113, 'training_epochs': 50, 'max_subject': 109, 'batch_size': 16}"
True,1643114091.8495314,13,2,"[4, 12]",[8],0.625,0.8880457133054733,"{'random_seed': 20220113, 'training_epochs': 50, 'max_subject': 109, 'batch_size': 16}"
True,1643114095.6943696,13,2,"[8, 4]",[12],0.75,0.6773318499326706,"{'random_seed': 20220113, 'training_epochs': 50, 'max_subject': 109, 'batch_size': 16}"
True,1643114105.6258361,32,2,"[8, 12]",[4],0.53125,1.0447280406951904,"{'random_seed': 20220113, 'training_epochs': 50, 'max_subject': 109, 'batch_size': 16}"
True,1643114108.6350887,32,2,"[4, 12]",[8],0.421875,1.5766805410385132,"{'random_seed': 20220113, 'training_epochs': 50, 'max_subject': 109, 'batch_size': 16}"
True,1643114113.4565463,32,2,"[8, 4]",[12],0.6458333432674408,1.0233817100524902,"{'random_seed': 20220113, 'training_epochs': 50, 'max_subject': 109, 'batch_size': 16}"
True,1643114121.030099,20,2,"[8, 12]",[4],0.5677083432674408,1.1060406416654587,"{'random_seed': 20220113, 'training_epochs': 50, 'max_subject': 109, 'batch_size': 16}"
True,1643114126.319978,20,2,"[4, 12]",[8],0.8541666716337204,0.4766788221895695,"{'random_seed': 20220113, 'training_epochs': 50, 'max_subject': 109, 'batch_size': 16}"
True,1643114131.3751316,20,2,"[8, 4]",[12],0.8072916716337204,0.46622389927506447,"{'random_seed': 20220113, 'training_epochs': 50, 'max_subject': 109, 'batch_size': 16}"
True,1643114140.3142612,11,2,"[8, 12]",[4],0.4322916716337204,1.4055360555648804,"{'random_seed': 20220113, 'training_epochs': 50, 'max_subject': 109, 'batch_size': 16}"
True,1643114143.4285924,11,2,"[4, 12]",[8],0.4375,1.195115715265274,"{'random_seed': 20220113, 'training_epochs': 50, 'max_subject': 109, 'batch_size': 16}"
True,1643114146.5342712,11,2,"[8, 4]",[12],0.5416666716337204,1.2172229290008545,"{'random_seed': 20220113, 'training_epochs': 50, 'max_subject': 109, 'batch_size': 16}"
True,1643114154.986123,105,2,"[8, 12]",[4],0.59375,0.9359703063964844,"{'random_seed': 20220113, 'training_epochs': 50, 'max_subject': 109, 'batch_size': 16}"
True,1643114158.6274745,105,2,"[4, 12]",[8],0.5885416716337204,0.8906156718730927,"{'random_seed': 20220113, 'training_epochs': 50, 'max_subject': 109, 'batch_size': 16}"
True,1643114161.8875895,105,2,"[8, 4]",[12],0.4947916716337204,1.057572841644287,"{'random_seed': 20220113, 'training_epochs': 50, 'max_subject': 109, 'batch_size': 16}"
True,1643114169.9664898,72,2,"[8, 12]",[4],0.6458333432674408,0.9169656187295914,"{'random_seed': 20220113, 'training_epochs': 50, 'max_subject': 109, 'batch_size': 16}"
True,1643114173.8931458,72,2,"[4, 12]",[8],0.7395833432674408,0.5525224655866623,"{'random_seed': 20220113, 'training_epochs': 50, 'max_subject': 109, 'batch_size': 16}"
True,1643114177.75118,72,2,"[8, 4]",[12],0.6979166716337204,0.8135171234607697,"{'random_seed': 20220113, 'training_epochs': 50, 'max_subject': 109, 'batch_size': 16}"
True,1643114187.8186638,74,2,"[8, 12]",[4],0.625,0.8895822614431381,"{'random_seed': 20220113, 'training_epochs': 50, 'max_subject': 109, 'batch_size': 16}"
True,1643114192.452697,74,2,"[4, 12]",[8],0.6302083432674408,0.9315333664417267,"{'random_seed': 20220113, 'training_epochs': 50, 'max_subject': 109, 'batch_size': 16}"
True,1643114195.3540528,74,2,"[8, 4]",[12],0.3958333432674408,1.2245323956012726,"{'random_seed': 20220113, 'training_epochs': 50, 'max_subject': 109, 'batch_size': 16}"
True,1643114205.6374536,76,2,"[8, 12]",[4],0.6614583432674408,0.9641395658254623,"{'random_seed': 20220113, 'training_epochs': 50, 'max_subject': 109, 'batch_size': 16}"
True,1643114209.15096,76,2,"[4, 12]",[8],0.5208333358168602,0.9751387983560562,"{'random_seed': 20220113, 'training_epochs': 50, 'max_subject': 109, 'batch_size': 16}"
True,1643114212.9898145,76,2,"[8, 4]",[12],0.59375,1.1102774143218994,"{'random_seed': 20220113, 'training_epochs': 50, 'max_subject': 109, 'batch_size': 16}"
True,1643114220.8008235,98,2,"[8, 12]",[4],0.5052083432674408,1.1026424914598465,"{'random_seed': 20220113, 'training_epochs': 50, 'max_subject': 109, 'batch_size': 16}"
True,1643114224.8356128,98,2,"[4, 12]",[8],0.6510416716337204,1.0577830970287323,"{'random_seed': 20220113, 'training_epochs': 50, 'max_subject': 109, 'batch_size': 16}"
True,1643114227.9559114,98,2,"[8, 4]",[12],0.4375,1.211232304573059,"{'random_seed': 20220113, 'training_epochs': 50, 'max_subject': 109, 'batch_size': 16}"
True,1643114237.3832085,21,2,"[8, 12]",[4],0.4322916716337204,1.1657893359661102,"{'random_seed': 20220113, 'training_epochs': 50, 'max_subject': 109, 'batch_size': 16}"
True,1643114242.2573211,21,2,"[4, 12]",[8],0.4479166716337204,1.261145442724228,"{'random_seed': 20220113, 'training_epochs': 50, 'max_subject': 109, 'batch_size': 16}"
True,1643114247.1665459,21,2,"[8, 4]",[12],0.421875,1.1624112874269485,"{'random_seed': 20220113, 'training_epochs': 50, 'max_subject': 109, 'batch_size': 16}"
